0 23678 isHighCard 95 0 1x2,1x3,1x6,1x7,1x8 95
1 2479A isHighCard 157 0 1x2,1x4,1x7,1x9,1xA 409
2 2483T isHighCard 632 0 1x2,1x3,1x4,1x8,1xT 2305
3 2584A isHighCard 775 0 1x2,1x4,1x5,1x8,1xA 5405
4 26KQT isHighCard 380 0 1x2,1x6,1xK,1xQ,1xT 7305
5 27T98 isHighCard 25 0 1x2,1x7,1x8,1x9,1xT 7455
6 27A85 isHighCard 160 0 1x2,1x5,1x7,1x8,1xA 8575
7 284QK isHighCard 511 0 1x2,1x4,1x8,1xQ,1xK 12663
8 2897K isHighCard 617 0 1x2,1x7,1x8,1x9,1xK 18216
9 28A4T isHighCard 38 0 1x2,1x4,1x8,1xA,1xT 18596
10 28AT7 isHighCard 307 0 1x2,1x7,1x8,1xA,1xT 21973
11 29478 isHighCard 352 0 1x2,1x4,1x7,1x8,1x9 26197
12 2957K isHighCard 959 0 1x2,1x5,1x7,1x9,1xK 38664
13 2TQ84 isHighCard 494 0 1x2,1x4,1x8,1xT,1xQ 45580
14 2K3A7 isHighCard 414 0 1x2,1x3,1x7,1xK,1xA 51790
15 2K5A6 isHighCard 97 0 1x2,1x5,1x6,1xK,1xA 53342
16 2KT4Q isHighCard 190 0 1x2,1x4,1xK,1xT,1xQ 56572
17 2A6KQ isHighCard 203 0 1x2,1x6,1xA,1xK,1xQ 60226
18 32958 isHighCard 93 0 1x2,1x3,1x5,1x8,1x9 61993
19 35274 isHighCard 746 0 1x2,1x3,1x4,1x5,1x7 76913
20 38K5A isHighCard 662 0 1x3,1x5,1x8,1xK,1xA 90815
21 395A4 isHighCard 449 0 1x3,1x4,1x5,1x9,1xA 100693
22 3Q7T2 isHighCard 322 0 1x2,1x3,1x7,1xQ,1xT 108099
23 3QA86 isHighCard 210 0 1x3,1x6,1x8,1xQ,1xA 113139
24 3K924 isHighCard 824 0 1x2,1x3,1x4,1x9,1xK 133739
25 3AK98 isHighCard 626 0 1x3,1x8,1x9,1xA,1xK 150015
26 438Q7 isHighCard 774 0 1x3,1x4,1x7,1x8,1xQ 170913
27 4523Q isHighCard 676 0 1x2,1x3,1x4,1x5,1xQ 189841
28 46589 isHighCard 604 0 1x4,1x5,1x6,1x8,1x9 207357
29 4758K isHighCard 54 0 1x4,1x5,1x7,1x8,1xK 208977
30 4768T isHighCard 26 0 1x4,1x6,1x7,1x8,1xT 209783
31 48A72 isHighCard 65 0 1x2,1x4,1x7,1x8,1xA 211863
32 4T29Q isHighCard 605 0 1x2,1x4,1x9,1xT,1xQ 231828
33 4T927 isHighCard 7 0 1x2,1x4,1x7,1x9,1xT 232066
34 4TA83 isHighCard 817 0 1x3,1x4,1x8,1xT,1xA 260661
35 4K295 isHighCard 242 0 1x2,1x4,1x5,1x9,1xK 269373
36 4K692 isHighCard 512 0 1x2,1x4,1x6,1x9,1xK 288317
37 4A5T8 isHighCard 288 0 1x4,1x5,1x8,1xA,1xT 299261
38 4AK52 isHighCard 521 0 1x2,1x4,1x5,1xA,1xK 319580
39 54Q3T isHighCard 514 0 1x3,1x4,1x5,1xQ,1xT 340140
40 56K2Q isHighCard 846 0 1x2,1x5,1x6,1xK,1xQ 374826
41 58324 isHighCard 934 0 1x2,1x3,1x4,1x5,1x8 414054
42 598K2 isHighCard 298 0 1x2,1x5,1x8,1x9,1xK 426868
43 59T6A isHighCard 11 0 1x5,1x6,1x9,1xT,1xA 427352
44 5T847 isHighCard 241 0 1x4,1x5,1x7,1x8,1xT 438197
45 5Q28K isHighCard 391 0 1x2,1x5,1x8,1xQ,1xK 456183
46 5Q42T isHighCard 847 0 1x2,1x4,1x5,1xQ,1xT 495992
47 5A36Q isHighCard 326 0 1x3,1x5,1x6,1xA,1xQ 511640
48 63294 isHighCard 404 0 1x2,1x3,1x4,1x6,1x9 531436
49 6357A isHighCard 173 0 1x3,1x5,1x6,1x7,1xA 540086
50 643T9 isHighCard 438 0 1x3,1x4,1x6,1x9,1xT 562424
51 65T3K isHighCard 766 0 1x3,1x5,1x6,1xT,1xK 602256
52 65T83 isHighCard 112 0 1x3,1x5,1x6,1x8,1xT 608192
53 65T97 isHighCard 910 0 1x5,1x6,1x7,1x9,1xT 657332
54 6738T isHighCard 263 0 1x3,1x6,1x7,1x8,1xT 671797
55 689TA isHighCard 463 0 1x6,1x8,1x9,1xT,1xA 697725
56 689A7 isHighCard 440 0 1x6,1x7,1x8,1x9,1xA 722805
57 69874 isHighCard 196 0 1x4,1x6,1x7,1x8,1x9 734173
58 6Q32A isHighCard 365 0 1x2,1x3,1x6,1xQ,1xA 755708
59 6Q84A isHighCard 252 0 1x4,1x6,1x8,1xQ,1xA 770828
60 6K258 isHighCard 218 0 1x2,1x5,1x6,1x8,1xK 784126
61 6A745 isHighCard 890 0 1x4,1x5,1x6,1x7,1xA 839306
62 6AT32 isHighCard 559 0 1x2,1x3,1x6,1xA,1xT 874523
63 72KA5 isHighCard 107 0 1x2,1x5,1x7,1xK,1xA 881371
64 734QT isHighCard 278 0 1x3,1x4,1x7,1xQ,1xT 899441
65 739AK isHighCard 852 0 1x3,1x7,1x9,1xA,1xK 955673
66 746T3 isHighCard 589 0 1x3,1x4,1x6,1x7,1xT 995136
67 7536T isHighCard 205 0 1x3,1x5,1x6,1x7,1xT 1009076
68 75T46 isHighCard 283 0 1x4,1x5,1x6,1x7,1xT 1028603
69 75Q38 isHighCard 714 0 1x3,1x5,1x7,1x8,1xQ 1078583
70 784A5 isHighCard 940 0 1x4,1x5,1x7,1x8,1xA 1145323
71 7T34A isHighCard 830 0 1x3,1x4,1x7,1xT,1xA 1205083
72 7T5K8 isHighCard 395 0 1x5,1x7,1x8,1xT,1xK 1233918
73 7Q95A isHighCard 346 0 1x5,1x7,1x9,1xQ,1xA 1259522
74 7K28Q isHighCard 186 0 1x2,1x7,1x8,1xK,1xQ 1273472
75 7K364 isHighCard 524 0 1x3,1x4,1x6,1x7,1xK 1313296
76 7AQ9T isHighCard 70 0 1x7,1x9,1xA,1xQ,1xT 1318686
77 85Q6K isHighCard 431 0 1x5,1x6,1x8,1xQ,1xK 1352304
78 86K2T isHighCard 174 0 1x2,1x6,1x8,1xK,1xT 1366050
79 8736K isHighCard 690 0 1x3,1x6,1x7,1x8,1xK 1421250
80 87QAT isHighCard 347 0 1x7,1x8,1xQ,1xA,1xT 1449357
81 89QA5 isHighCard 243 0 1x5,1x8,1x9,1xQ,1xA 1469283
82 8T649 isHighCard 633 0 1x4,1x6,1x8,1x9,1xT 1521822
83 8A429 isHighCard 630 0 1x2,1x4,1x8,1x9,1xA 1574742
84 8A75K isHighCard 962 0 1x5,1x7,1x8,1xA,1xK 1656512
85 8A95K isHighCard 991 0 1x5,1x8,1x9,1xA,1xK 1741738
86 8AT3Q isHighCard 237 0 1x3,1x8,1xA,1xT,1xQ 1762357
87 92578 isHighCard 194 0 1x2,1x5,1x7,1x8,1x9 1779429
88 927K3 isHighCard 379 0 1x2,1x3,1x7,1x9,1xK 1813160
89 92T84 isHighCard 158 0 1x2,1x4,1x8,1x9,1xT 1827380
90 96842 isHighCard 741 0 1x2,1x4,1x6,1x8,1x9 1894811
91 987TA isHighCard 637 0 1x7,1x8,1x9,1xT,1xA 1953415
92 98TQK isHighCard 530 0 1x8,1x9,1xT,1xQ,1xK 2002705
93 T239K isHighCard 822 0 1x2,1x3,1x9,1xT,1xK 2079973
94 T4Q23 isHighCard 369 0 1x2,1x3,1x4,1xT,1xQ 2115028
95 T6534 isHighCard 1000 0 1x3,1x4,1x5,1x6,1xT 2211028
96 T7Q82 isHighCard 76 0 1x2,1x7,1x8,1xT,1xQ 2218400
97 T8Q43 isHighCard 924 0 1x3,1x4,1x8,1xT,1xQ 2308952
98 T932Q isHighCard 960 0 1x2,1x3,1x9,1xT,1xQ 2403992
99 TQ4K8 isHighCard 105 0 1x4,1x8,1xT,1xQ,1xK 2414492
100 TK986 isHighCard 264 0 1x6,1x8,1x9,1xT,1xK 2441156
101 TA4Q3 isHighCard 723 0 1x3,1x4,1xT,1xA,1xQ 2514902
102 TA98Q isHighCard 103 0 1x8,1x9,1xT,1xA,1xQ 2525511
103 TAK24 isHighCard 664 0 1x2,1x4,1xT,1xA,1xK 2594567
104 Q2645 isHighCard 547 0 1x2,1x4,1x5,1x6,1xQ 2652002
105 Q35T2 isHighCard 412 0 1x2,1x3,1x5,1xQ,1xT 2695674
106 Q3K56 isHighCard 20 0 1x3,1x5,1x6,1xQ,1xK 2697814
107 Q427T isHighCard 442 0 1x2,1x4,1x7,1xQ,1xT 2745550
108 Q4796 isHighCard 593 0 1x4,1x6,1x7,1x9,1xQ 2810187
109 Q4AT5 isHighCard 456 0 1x4,1x5,1xQ,1xA,1xT 2860347
110 Q6529 isHighCard 233 0 1x2,1x5,1x6,1x9,1xQ 2886210
111 Q7983 isHighCard 295 0 1x3,1x7,1x8,1x9,1xQ 2919250
112 QT857 isHighCard 918 0 1x5,1x7,1x8,1xQ,1xT 3022984
113 QA7K9 isHighCard 484 0 1x7,1x9,1xQ,1xA,1xK 3078160
114 QAKT2 isHighCard 728 0 1x2,1xQ,1xA,1xK,1xT 3161880
115 K36T7 isHighCard 784 0 1x3,1x6,1x7,1xK,1xT 3252824
116 K3978 isHighCard 581 0 1x3,1x7,1x8,1x9,1xK 3320801
117 K3Q9A isHighCard 348 0 1x3,1x9,1xK,1xQ,1xA 3361865
118 K46TA isHighCard 853 0 1x4,1x6,1xK,1xT,1xA 3463372
119 K4T35 isHighCard 726 0 1x3,1x4,1x5,1xK,1xT 3550492
120 K638T isHighCard 425 0 1x3,1x6,1x8,1xK,1xT 3601917
121 K63T4 isHighCard 535 0 1x3,1x4,1x6,1xK,1xT 3667187
122 K67T4 isHighCard 909 0 1x4,1x6,1x7,1xK,1xT 3778994
123 K963A isHighCard 63 0 1x3,1x6,1x9,1xK,1xA 3786806
124 KQ538 isHighCard 650 0 1x3,1x5,1x8,1xK,1xQ 3868056
125 A2QK9 isHighCard 880 0 1x2,1x9,1xA,1xQ,1xK 3978936
126 A342T isHighCard 121 0 1x2,1x3,1x4,1xA,1xT 3994303
127 A6Q39 isHighCard 958 0 1x3,1x6,1x9,1xA,1xQ 4116927
128 A78T6 isHighCard 75 0 1x6,1x7,1x8,1xA,1xT 4126602
129 A9T24 isHighCard 818 0 1x2,1x4,1x9,1xA,1xT 4232942
130 AT574 isHighCard 208 0 1x4,1x5,1x7,1xA,1xT 4260190
131 AQ248 isHighCard 570 0 1x2,1x4,1x8,1xA,1xQ 4335430
132 J26A9 isPair 881 1 1x2,1x6,1x9,1xA 4452603
133 J2TAK isPair 758 1 1x2,1xT,1xA,1xK 4554175
134 J2Q36 isPair 887 1 1x2,1x3,1x6,1xQ 4673920
135 J356K isPair 83 1 1x3,1x5,1x6,1xK 4685208
136 J36Q5 isPair 370 1 1x3,1x5,1x6,1xQ 4735898
137 J472A isPair 898 1 1x2,1x4,1x7,1xA 4859822
138 J4Q53 isPair 36 1 1x3,1x4,1x5,1xQ 4864826
139 J6AT9 isPair 415 1 1x6,1x9,1xA,1xT 4922926
140 J72Q3 isPair 445 1 1x2,1x3,1x7,1xQ 4985671
141 J7648 isPair 363 1 1x4,1x6,1x7,1x8 5037217
142 J765K isPair 831 1 1x5,1x6,1x7,1xK 5156050
143 J7Q29 isPair 949 1 1x2,1x7,1x9,1xQ 5292706
144 J8K26 isPair 373 1 1x2,1x6,1x8,1xK 5346791
145 JT6A5 isPair 696 1 1x5,1x6,1xT,1xA 5448407
146 JTK78 isPair 122 1 1x7,1x8,1xT,1xK 5466341
147 JQA8T isPair 569 1 1x8,1xQ,1xA,1xT 5550553
148 JK796 isPair 451 1 1x6,1x7,1x9,1xK 5617752
149 2JAK9 isPair 245 1 1x2,1x9,1xA,1xK 5654502
150 223T8 isPair 587 0 2x2,1x3,1x8,1xT 5743139
151 24595 isPair 894 0 1x2,1x4,2x5,1x9 5879027
152 253J4 isPair 436 1 1x2,1x3,1x4,1x5 5945735
153 254T4 isPair 672 0 1x2,2x4,1x5,1xT 6049223
154 25K28 isPair 125 0 2x2,1x5,1x8,1xK 6068598
155 26965 isPair 201 0 1x2,1x5,2x6,1x9 6099954
156 27KJ5 isPair 946 1 1x2,1x5,1x7,1xK 6248476
157 28J69 isPair 549 1 1x2,1x6,1x8,1x9 6335218
158 283QJ isPair 136 1 1x2,1x3,1x8,1xQ 6356842
159 298JQ isPair 1 1 1x2,1x8,1x9,1xQ 6357002
160 2T474 isPair 101 0 1x2,2x4,1x7,1xT 6373263
161 2TA3A isPair 305 0 1x2,1x3,1xT,2xA 6422673
162 2K7AJ isPair 170 1 1x2,1x7,1xK,1xA 6450383
163 2AK3A isPair 778 0 1x2,1x3,2xA,1xK 6577975
164 3J47K isPair 189 1 1x3,1x4,1x7,1xK 6609160
165 3JQ96 isPair 447 1 1x3,1x6,1x9,1xQ 6683362
166 32A73 isPair 851 0 1x2,2x3,1x7,1xA 6825479
167 34JTQ isPair 635 1 1x3,1x4,1xT,1xQ 6932159
168 34QQ5 isPair 661 0 1x3,1x4,1x5,2xQ 7043868
169 35T9T isPair 433 0 1x3,1x5,1x9,2xT 7117478
170 37893 isPair 870 0 2x3,1x7,1x8,1x9 7266248
171 37988 isPair 503 0 1x3,1x7,2x8,1x9 7352764
172 3799K isPair 110 0 1x3,1x7,2x9,1xK 7371794
173 3T6J4 isPair 875 1 1x3,1x4,1x6,1xT 7524044
174 3T65T isPair 146 0 1x3,1x5,1x6,2xT 7549594
175 3TTKA isPair 111 0 1x3,2xT,1xK,1xA 7569130
176 3Q34T isPair 943 0 2x3,1x4,1xQ,1xT 7736041
177 3QA23 isPair 627 0 1x2,2x3,1xQ,1xA 7847647
178 3KT35 isPair 198 0 2x3,1x5,1xK,1xT 7883089
179 3A236 isPair 257 0 1x2,2x3,1x6,1xA 7929349
180 3A6QQ isPair 869 0 1x3,1x6,1xA,2xQ 8086638
181 42347 isPair 68 0 1x2,1x3,2x4,1x7 8099014
182 43557 isPair 474 0 1x3,1x4,2x5,1x7 8185756
183 43T6T isPair 57 0 1x3,1x4,1x6,2xT 8196244
184 45JT8 isPair 460 1 1x4,1x5,1x8,1xT 8281344
185 454AK isPair 956 0 2x4,1x5,1xA,1xK 8459160
186 45625 isPair 995 0 1x2,1x4,2x5,1x6 8645225
187 465KK isPair 692 0 1x4,1x5,1x6,2xK 8775321
188 47K22 isPair 609 0 2x2,1x4,1x7,1xK 8890422
189 484A2 isPair 800 0 1x2,2x4,1x8,1xA 9042422
190 49TJ6 isPair 108 1 1x4,1x6,1x9,1xT 9063050
191 4TA74 isPair 539 0 2x4,1x7,1xT,1xA 9166538
192 4Q282 isPair 236 0 2x2,1x4,1x8,1xQ 9212086
193 4QT5J isPair 381 1 1x4,1x5,1xQ,1xT 9286000
194 4K354 isPair 171 0 1x3,2x4,1x5,1xK 9319345
195 4K564 isPair 12 0 2x4,1x5,1x6,1xK 9321697
196 4K6T4 isPair 651 0 2x4,1x6,1xK,1xT 9449944
197 4KA7J isPair 367 1 1x4,1x7,1xK,1xA 9522610
198 4AK3J isPair 849 1 1x3,1x4,1xA,1xK 9691561
199 4AAQ8 isPair 944 0 1x4,1x8,2xA,1xQ 9880361
200 528QJ isPair 260 1 1x2,1x5,1x8,1xQ 9932621
201 52A66 isPair 249 0 1x2,1x5,2x6,1xA 9982919
202 53589 isPair 657 0 1x3,2x5,1x8,1x9 10116290
203 539T5 isPair 548 0 1x3,2x5,1x9,1xT 10228082
204 54J3K isPair 729 1 1x3,1x4,1x5,1xK 10377527
205 54356 isPair 648 0 1x3,1x4,2x5,1x6 10511015
206 5484T isPair 396 0 2x4,1x5,1x8,1xT 10592987
207 5549Q isPair 759 0 1x4,2x5,1x9,1xQ 10750859
208 557T8 isPair 14 0 2x5,1x7,1x8,1xT 10753785
209 56Q76 isPair 594 0 1x5,2x6,1x7,1xQ 10878525
210 57K47 isPair 206 0 1x4,1x5,2x7,1xK 10921991
211 58TQ5 isPair 64 0 2x5,1x8,1xT,1xQ 10935559
212 5TK8T isPair 863 0 1x5,1x8,2xT,1xK 11119378
213 5QQ7K isPair 448 0 1x5,1x7,2xQ,1xK 11215250
214 6J4QT isPair 737 1 1x4,1x6,1xQ,1xT 11373705
215 62334 isPair 803 0 1x2,2x3,1x4,1x6 11547153
216 6296K isPair 897 0 1x2,2x6,1x9,1xK 11741802
217 63779 isPair 950 0 1x3,1x6,2x7,1x9 11948902
218 63K26 isPair 797 0 1x2,1x3,2x6,1xK 12123445
219 63K7K isPair 655 0 1x3,1x6,1x7,2xK 12267545
220 64J92 isPair 30 1 1x2,1x4,1x6,1x9 12274175
221 642T4 isPair 599 0 1x2,2x4,1x6,1xT 12407153
222 67JA9 isPair 420 1 1x6,1x7,1x9,1xA 12500813
223 6993T isPair 24 0 1x3,1x6,2x9,1xT 12506189
224 69AKA isPair 392 0 1x6,1x9,2xA,1xK 12594389
225 6Q5KQ isPair 829 0 1x5,1x6,2xQ,1xK 12781743
226 7JTQ2 isPair 713 1 1x2,1x7,1xT,1xQ 12943594
227 72JTA isPair 752 1 1x2,1x7,1xT,1xA 13115050
228 727K8 isPair 3 0 1x2,2x7,1x8,1xK 13115737
229 74462 isPair 301 0 1x2,2x4,1x6,1x7 13184967
230 74922 isPair 526 0 2x2,1x4,1x7,1x9 13306473
231 74QJ6 isPair 187 1 1x4,1x6,1x7,1xQ 13349857
232 75K53 isPair 932 0 1x3,2x5,1x7,1xK 13567013
233 76JK2 isPair 874 1 1x2,1x6,1x7,1xK 13771529
234 76645 isPair 895 0 1x4,1x5,2x6,1x7 13981854
235 76T8T isPair 841 0 1x6,1x7,1x8,2xT 14180330
236 7858Q isPair 984 0 1x5,1x7,2x8,1xQ 14413538
237 796K9 isPair 321 0 1x6,1x7,2x9,1xK 14489936
238 7Q4QT isPair 191 0 1x4,1x7,2xQ,1xT 14535585
239 7Q5TT isPair 848 0 1x5,1x7,1xQ,2xT 14739105
240 7QTKJ isPair 769 1 1x7,1xQ,1xT,1xK 14924434
241 7KQ79 isPair 437 0 2x7,1x9,1xK,1xQ 15030188
242 7A837 isPair 16 0 1x3,2x7,1x8,1xA 15034076
243 7AQJ8 isPair 790 1 1x7,1x8,1xA,1xQ 15226836
244 82J6T isPair 625 1 1x2,1x6,1x8,1xT 15379961
245 82432 isPair 60 0 2x2,1x3,1x4,1x8 15394721
246 82636 isPair 273 0 1x2,1x3,2x6,1x8 15462152
247 82KJ5 isPair 727 1 1x2,1x5,1x8,1xK 15642448
248 82K23 isPair 543 0 2x2,1x3,1x8,1xK 15777655
249 844K9 isPair 908 0 2x4,1x8,1x9,1xK 16004655
250 8499T isPair 789 0 1x4,1x8,2x9,1xT 16202694
251 84A9J isPair 408 1 1x4,1x8,1x9,1xA 16305510
252 85563 isPair 799 0 1x3,2x5,1x6,1x8 16507657
253 87JK6 isPair 77 1 1x6,1x7,1x8,1xK 16527215
254 88247 isPair 162 0 1x2,1x4,1x7,2x8 16568525
255 8T656 isPair 833 0 1x5,2x6,1x8,1xT 16781773
256 8T84Q isPair 701 0 1x4,2x8,1xT,1xQ 16961930
257 8Q5J4 isPair 29 1 1x4,1x5,1x8,1xQ 16969412
258 8KA5A isPair 491 0 1x5,1x8,1xK,2xA 17096581
259 92JA7 isPair 361 1 1x2,1x7,1x9,1xA 17190441
260 92462 isPair 62 0 2x2,1x4,1x6,1x9 17206623
261 9392Q isPair 735 0 1x2,1x3,2x9,1xQ 17399193
262 94692 isPair 964 0 1x2,1x4,1x6,2x9 17652725
263 952TJ isPair 366 1 1x2,1x5,1x9,1xT 17749349
264 954A5 isPair 306 0 1x4,2x5,1x9,1xA 17830439
265 95733 isPair 832 0 2x3,1x5,1x7,1x9 18051751
266 96K2K isPair 955 0 1x2,1x6,1x9,2xK 18306736
267 9866K isPair 907 0 2x6,1x8,1x9,1xK 18549812
268 9T4JQ isPair 250 1 1x4,1x9,1xT,1xQ 18617062
269 9T97A isPair 9 0 1x7,2x9,1xT,1xA 18619492
270 9Q9K8 isPair 533 0 1x8,2x9,1xQ,1xK 18763935
271 9A772 isPair 292 0 1x2,2x7,1x9,1xA 18843359
272 TJ357 isPair 948 1 1x3,1x5,1x7,1xT 19102163
273 T2T4Q isPair 600 0 1x2,1x4,2xT,1xQ 19266563
274 T3J62 isPair 42 1 1x2,1x3,1x6,1xT 19278113
275 T48JQ isPair 917 1 1x4,1x8,1xT,1xQ 19531205
276 T4A6A isPair 989 0 1x4,1x6,1xT,2xA 19805158
277 T56J3 isPair 572 1 1x3,1x5,1x6,1xT 19964174
278 T6282 isPair 815 0 2x2,1x6,1x8,1xT 20191559
279 T637J isPair 873 1 1x3,1x6,1x7,1xT 20435999
280 T6QT3 isPair 931 0 1x3,1x6,2xT,1xQ 20697610
281 T6K65 isPair 554 0 1x5,2x6,1xT,1xK 20853838
282 T76JQ isPair 505 1 1x6,1x7,1xT,1xQ 20996753
283 T7768 isPair 816 0 1x6,2x7,1x8,1xT 21228497
284 T7KJ9 isPair 89 1 1x7,1x9,1xT,1xK 21253862
285 TTQ4K isPair 393 0 1x4,2xT,1xQ,1xK 21366260
286 TQ2JA isPair 941 1 1x2,1xT,1xQ,1xA 21636327
287 TQ696 isPair 674 0 2x6,1x9,1xT,1xQ 21830439
288 TQ7T4 isPair 653 0 1x4,1x7,2xT,1xQ 22019156
289 TQ95J isPair 465 1 1x5,1x9,1xT,1xQ 22154006
290 TK2KQ isPair 935 0 1x2,1xT,2xK,1xQ 22426091
291 TK3QK isPair 482 0 1x3,1xT,2xK,1xQ 22566835
292 TKKQ6 isPair 845 0 1x6,1xT,2xK,1xQ 22814420
293 TA6J2 isPair 694 1 1x2,1x6,1xT,1xA 23018456
294 TAK3A isPair 750 0 1x3,1xT,2xA,1xK 23239706
295 QJ475 isPair 702 1 1x4,1x5,1x7,1xQ 23447498
296 QJ9A3 isPair 523 1 1x3,1x9,1xQ,1xA 23602829
297 Q3AAT isPair 669 0 1x3,1xQ,2xA,1xT 23802191
298 Q4663 isPair 275 0 1x3,1x4,2x6,1xQ 23884416
299 Q53QA isPair 495 0 1x3,1x5,2xQ,1xA 24032916
300 Q57J8 isPair 634 1 1x5,1x7,1x8,1xQ 24223750
301 Q5KK2 isPair 10 0 1x2,1x5,1xQ,2xK 24226770
302 Q664K isPair 452 0 1x4,2x6,1xQ,1xK 24363726
303 Q8KTK isPair 709 0 1x8,1xQ,2xK,1xT 24579262
304 QT656 isPair 466 0 1x5,2x6,1xQ,1xT 24721392
305 QT73T isPair 839 0 1x3,1x7,1xQ,2xT 24978126
306 QQA98 isPair 266 0 1x8,1x9,2xQ,1xA 25059788
307 QK2K4 isPair 792 0 1x2,1x4,1xQ,2xK 25303724
308 QK5QA isPair 164 0 1x5,2xQ,1xK,1xA 25354400
309 QA73J isPair 693 1 1x3,1x7,1xQ,1xA 25569230
310 QAQ8T isPair 207 0 1x8,2xQ,1xA,1xT 25633607
311 KJ574 isPair 591 1 1x4,1x5,1x7,1xK 25817999
312 KJT46 isPair 967 1 1x4,1x6,1xK,1xT 26120670
313 K283J isPair 558 1 1x2,1x3,1x8,1xK 26295882
314 K54KT isPair 254 0 1x4,1x5,2xK,1xT 26375892
315 K78JA isPair 296 1 1x7,1x8,1xK,1xA 26469428
316 K79J5 isPair 584 1 1x5,1x7,1x9,1xK 26654556
317 K8JQT isPair 578 1 1x8,1xK,1xQ,1xT 26838360
318 K8747 isPair 658 0 1x4,2x7,1x8,1xK 27048262
319 KK495 isPair 493 0 1x4,1x5,1x9,2xK 27206022
320 KK592 isPair 49 0 1x2,1x5,1x9,2xK 27221751
321 AJ746 isPair 575 1 1x4,1x6,1x7,1xA 27406901
322 A3356 isPair 126 0 2x3,1x5,1x6,1xA 27447599
323 A362J isPair 228 1 1x2,1x3,1x6,1xA 27521471
324 A7339 isPair 618 0 2x3,1x7,1x9,1xA 27722321
325 A7678 isPair 538 0 1x6,2x7,1x8,1xA 27897709
326 A8599 isPair 219 0 1x5,1x8,2x9,1xA 27969322
327 A8867 isPair 479 0 1x6,1x7,2x8,1xA 28126434
328 A8TT7 isPair 132 0 1x7,1x8,1xA,2xT 28169862
329 A92J5 isPair 751 1 1x2,1x5,1x9,1xA 28417692
330 AT2T5 isPair 94 0 1x2,1x5,1xA,2xT 28448806
331 AA293 isPair 844 0 1x2,1x3,1x9,2xA 28729014
332 AA5T9 isPair 805 0 1x5,1x9,2xA,1xT 28997079
333 AAK9T isPair 796 0 1x9,2xA,1xK,1xT 29262943
334 22336 isTwoPair 899 0 2x2,2x3,1x6 29564108
335 22599 isTwoPair 265 0 2x2,1x5,2x9 29653148
336 22Q3Q isTwoPair 457 0 2x2,1x3,2xQ 29807157
337 233QQ isTwoPair 435 0 1x2,2x3,2xQ 29954187
338 252K5 isTwoPair 293 0 2x2,2x5,1xK 30053514
339 2552T isTwoPair 471 0 2x2,2x5,1xT 30213654
340 27672 isTwoPair 677 0 2x2,1x6,2x7 30444511
341 299TT isTwoPair 212 0 1x2,2x9,2xT 30517015
342 2TT52 isTwoPair 113 0 2x2,1x5,2xT 30555774
343 2TQQT isTwoPair 573 0 1x2,2xT,2xQ 30752886
344 33882 isTwoPair 582 0 1x2,2x3,2x8 30953676
345 33995 isTwoPair 945 0 2x3,1x5,2x9 31280646
346 33K44 isTwoPair 324 0 2x3,2x4,1xK 31393074
347 33KQK isTwoPair 809 0 2x3,2xK,1xQ 31674606
348 36536 isTwoPair 835 0 2x3,1x5,2x6 31966021
349 39Q93 isTwoPair 834 0 2x3,2x9,1xQ 32257921
350 3TT83 isTwoPair 429 0 2x3,1x8,2xT 32408500
351 3K23K isTwoPair 483 0 1x2,2x3,2xK 32578516
352 3A3A5 isTwoPair 481 0 2x3,1x5,2xA 32748309
353 42433 isTwoPair 246 0 1x2,2x3,2x4 32835393
354 43T43 isTwoPair 475 0 2x3,2x4,1xT 33004018
355 43AA3 isTwoPair 33 0 2x3,1x4,2xA 33015766
356 44669 isTwoPair 489 0 2x4,2x6,1x9 33190339
357 45495 isTwoPair 675 0 2x4,2x5,1x9 33431989
358 46TT6 isTwoPair 801 0 1x4,2x6,2xT 33719548
359 47373 isTwoPair 743 0 2x3,1x4,2x7 33987028
360 48248 isTwoPair 477 0 1x2,2x4,2x8 34159225
361 48422 isTwoPair 673 0 2x2,2x4,1x8 34402851
362 48478 isTwoPair 517 0 2x4,1x7,2x8 34590522
363 4TT49 isTwoPair 79 0 2x4,1x9,2xT 34619278
364 4K2K2 isTwoPair 432 0 2x2,1x4,2xK 34776958
365 53322 isTwoPair 405 0 2x2,2x3,1x5 34925188
366 54353 isTwoPair 410 0 2x3,1x4,2x5 35075658
367 5454T isTwoPair 724 0 2x4,2x5,1xT 35342090
368 54584 isTwoPair 583 0 2x4,2x5,1x8 35557217
369 55T77 isTwoPair 566 0 2x5,2x7,1xT 35766637
370 5757Q isTwoPair 638 0 2x5,2x7,1xQ 36003335
371 58568 isTwoPair 516 0 2x5,1x6,2x8 36195287
372 58825 isTwoPair 858 0 1x2,2x5,2x8 36515321
373 59522 isTwoPair 695 0 2x2,2x5,1x9 36775251
374 5TQTQ isTwoPair 239 0 1x5,2xT,2xQ 36864876
375 5QK5Q isTwoPair 142 0 2x5,2xQ,1xK 36918268
376 63262 isTwoPair 738 0 2x2,1x3,2x6 37196494
377 63A6A isTwoPair 330 0 1x3,2x6,2xA 37321234
378 64436 isTwoPair 197 0 1x3,2x4,2x6 37395897
379 65K6K isTwoPair 681 0 1x5,2x6,2xK 37654677
380 66778 isTwoPair 80 0 2x6,2x7,1x8 37685157
381 668TT isTwoPair 386 0 2x6,1x8,2xT 37832609
382 6767A isTwoPair 929 0 2x6,2x7,1xA 38188416
383 68226 isTwoPair 231 0 2x2,2x6,1x8 38277120
384 69269 isTwoPair 791 0 1x2,2x6,2x9 38581655
385 6TTAA isTwoPair 636 0 1x6,2xT,2xA 38827151
386 6Q644 isTwoPair 868 0 2x4,2x6,1xQ 39163067
387 6QQKK isTwoPair 961 0 1x6,2xQ,2xK 39535935
388 6KK99 isTwoPair 532 0 1x6,2x9,2xK 39742883
389 6AA26 isTwoPair 267 0 1x2,2x6,2xA 39847013
390 72327 isTwoPair 216 0 2x2,1x3,2x7 39931469
391 72474 isTwoPair 211 0 1x2,2x4,2x7 40014181
392 73T73 isTwoPair 375 0 2x3,2x7,1xT 40161556
393 74478 isTwoPair 73 0 2x4,2x7,1x8 40190318
394 75QQ5 isTwoPair 507 0 2x5,1x7,2xQ 40390583
395 76464 isTwoPair 368 0 2x4,2x6,1x7 40536311
396 77644 isTwoPair 993 0 2x4,1x6,2x7 40930532
397 77TTA isTwoPair 175 0 2x7,2xT,1xA 41000182
398 77QAA isTwoPair 99 0 2x7,1xQ,2xA 41039683
399 79229 isTwoPair 586 0 2x2,1x7,2x9 41274083
400 7TQQ7 isTwoPair 385 0 2x7,1xT,2xQ 41428468
401 7KK66 isTwoPair 550 0 2x6,1x7,2xK 41649568
402 83855 isTwoPair 688 0 1x3,2x5,2x8 41926832
403 85533 isTwoPair 725 0 2x3,2x5,1x8 42219732
404 88Q33 isTwoPair 32 0 2x3,2x8,1xQ 42232692
405 88Q44 isTwoPair 857 0 2x4,2x8,1xQ 42580634
406 88QQK isTwoPair 59 0 2x8,2xQ,1xK 42604647
407 88A9A isTwoPair 96 0 2x8,1x9,2xA 42643815
408 8989A isTwoPair 649 0 2x8,2x9,1xA 42909256
409 899KK isTwoPair 341 0 1x8,2x9,2xK 43049066
410 8QQ48 isTwoPair 615 0 1x4,2x8,2xQ 43301831
411 8KK33 isTwoPair 628 0 2x3,1x8,2xK 43560567
412 95353 isTwoPair 486 0 2x3,2x5,1x9 43761285
413 96964 isTwoPair 614 0 1x4,2x6,2x9 44015481
414 96T69 isTwoPair 351 0 2x6,2x9,1xT 44161146
415 97557 isTwoPair 398 0 2x5,2x7,1x9 44326714
416 97K7K isTwoPair 342 0 2x7,1x9,2xK 44469328
417 98494 isTwoPair 994 0 2x4,1x8,2x9 44884820
418 992T2 isTwoPair 159 0 2x2,2x9,1xT 44951441
419 99T4T isTwoPair 139 0 1x4,2x9,2xT 45009821
420 99A33 isTwoPair 990 0 2x3,2x9,1xA 45426611
421 9Q494 isTwoPair 706 0 2x4,2x9,1xQ 45724543
422 9A2A2 isTwoPair 740 0 2x2,1x9,2xA 46037563
423 T3T99 isTwoPair 968 0 1x3,2x9,2xT 46447995
424 T722T isTwoPair 262 0 2x2,1x7,2xT 46559345
425 T7QQT isTwoPair 541 0 1x7,2xT,2xQ 46789811
426 TT334 isTwoPair 163 0 2x3,1x4,2xT 46859412
427 TT44A isTwoPair 598 0 2x4,2xT,1xA 47115356
428 TT5KK isTwoPair 161 0 1x5,2xT,2xK 47184425
429 TT877 isTwoPair 69 0 2x7,1x8,2xT 47214095
430 TKT7K isTwoPair 577 0 1x7,2xT,2xK 47462782
431 Q449Q isTwoPair 680 0 2x4,1x9,2xQ 47756542
432 Q59Q5 isTwoPair 492 0 2x5,1x9,2xQ 47969578
433 Q5Q58 isTwoPair 376 0 2x5,1x8,2xQ 48132762
434 Q7667 isTwoPair 487 0 2x6,2x7,1xQ 48344607
435 Q7788 isTwoPair 185 0 2x7,2x8,1xQ 48425267
436 Q77AQ isTwoPair 878 0 2x7,2xQ,1xA 48808953
437 Q79Q7 isTwoPair 165 0 2x7,1x9,2xQ 48881223
438 Q97Q9 isTwoPair 287 0 1x7,2x9,2xQ 49007216
439 Q9Q93 isTwoPair 274 0 1x3,2x9,2xQ 49127776
440 QT6Q6 isTwoPair 439 0 2x6,2xQ,1xT 49321375
441 QTTQK isTwoPair 749 0 2xQ,2xT,1xK 49652433
442 QQA44 isTwoPair 553 0 2x4,2xQ,1xA 49897412
443 QKQAA isTwoPair 154 0 2xQ,1xK,2xA 49965788
444 QAAQ9 isTwoPair 423 0 1x9,2xQ,2xA 50154023
445 K26K2 isTwoPair 528 0 2x2,1x6,2xK 50389511
446 K322K isTwoPair 807 0 2x2,1x3,2xK 50750240
447 K3663 isTwoPair 574 0 2x3,2x6,1xK 51007392
448 K3K35 isTwoPair 344 0 2x3,1x5,2xK 51161848
449 K8668 isTwoPair 349 0 2x6,2x8,1xK 51318898
450 KT8K8 isTwoPair 232 0 2x8,2xK,1xT 51423530
451 KKTT8 isTwoPair 629 0 1x8,2xK,2xT 51707838
452 KATTK isTwoPair 838 0 2xK,1xA,2xT 52087452
453 A282A isTwoPair 896 0 2x2,1x8,2xA 52494236
454 A2KKA isTwoPair 167 0 1x2,2xA,2xK 52570221
455 A322A isTwoPair 470 0 2x2,1x3,2xA 52784541
456 A3636 isTwoPair 238 0 2x3,2x6,1xA 52893307
457 A377A isTwoPair 256 0 1x3,2x7,2xA 53010555
458 A3QQ3 isTwoPair 272 0 2x3,1xA,2xQ 53135403
459 A4422 isTwoPair 67 0 2x2,2x4,1xA 53166223
460 A5A22 isTwoPair 540 0 2x2,1x5,2xA 53415163
461 A5A54 isTwoPair 979 0 1x4,2x5,2xA 53867461
462 A5A57 isTwoPair 359 0 2x5,1x7,2xA 54033678
463 A7A88 isTwoPair 534 0 1x7,2x8,2xA 54281454
464 A99A3 isTwoPair 485 0 1x3,2x9,2xA 54506979
465 AK6A6 isTwoPair 422 0 2x6,2xA,1xK 54703631
466 AKK8A isTwoPair 571 0 1x8,2xA,2xK 54970288
467 AKAK4 isTwoPair 400 0 1x4,2xA,2xK 55157488
468 AA566 isTwoPair 418 0 1x5,2x6,2xA 55353530
469 AA5Q5 isTwoPair 756 0 2x5,2xA,1xQ 55708850
470 AAK5K isTwoPair 192 0 1x5,2xA,2xK 55799282
471 J297J isThreeOfKind 652 2 1x2,1x7,1x9 56107026
472 J322A isThreeOfKind 592 1 2x2,1x3,1xA 56387042
473 J4988 isThreeOfKind 682 1 1x4,2x8,1x9 56710310
474 J4Q4T isThreeOfKind 683 1 2x4,1xQ,1xT 57034735
475 J6J4A isThreeOfKind 168 2 1x4,1x6,1xA 57114703
476 J696Q isThreeOfKind 544 1 2x6,1x9,1xQ 57374191
477 J6K88 isThreeOfKind 104 1 1x6,2x8,1xK 57423903
478 J7T6J isThreeOfKind 765 2 1x6,1x7,1xT 57790338
479 J7TTQ isThreeOfKind 819 1 1x7,2xT,1xQ 58183458
480 J8T55 isThreeOfKind 802 1 2x5,1x8,1xT 58569220
481 J8Q89 isThreeOfKind 556 1 2x8,1x9,1xQ 58837212
482 J9KTT isThreeOfKind 836 1 1x9,1xK,2xT 59241000
483 JQ67J isThreeOfKind 134 2 1x6,1x7,1xQ 59305856
484 JQAA2 isThreeOfKind 148 1 1x2,1xQ,2xA 59377636
485 JK433 isThreeOfKind 488 1 2x3,1x4,1xK 59614804
486 JK664 isThreeOfKind 234 1 1x4,2x6,1xK 59728762
487 JKQ3Q isThreeOfKind 151 1 1x3,1xK,2xQ 59802450
488 JA446 isThreeOfKind 689 1 2x4,1x6,1xA 60139371
489 JA6TJ isThreeOfKind 427 2 1x6,1xA,1xT 60348601
490 2J2TK isThreeOfKind 18 1 2x2,1xT,1xK 60357439
491 2J5QQ isThreeOfKind 92 1 1x2,1x5,2xQ 60402703
492 2JKTK isThreeOfKind 707 1 1x2,2xK,1xT 60751254
493 22JAQ isThreeOfKind 350 1 2x2,1xA,1xQ 60924154
494 2227Q isThreeOfKind 565 0 3x2,1x7,1xQ 61203829
495 222K3 isThreeOfKind 334 0 3x2,1x3,1xK 61369493
496 223J9 isThreeOfKind 745 1 2x2,1x3,1x9 61739758
497 22752 isThreeOfKind 612 0 3x2,1x5,1x7 62044534
498 22927 isThreeOfKind 311 0 3x2,1x7,1x9 62199723
499 2555T isThreeOfKind 337 0 1x2,3x5,1xT 62368223
500 26676 isThreeOfKind 947 0 1x2,3x6,1x7 62842670
501 26A2J isThreeOfKind 313 1 2x2,1x6,1xA 62999796
502 27377 isThreeOfKind 34 0 1x2,1x3,3x7 63016898
503 28J8A isThreeOfKind 641 1 1x2,2x8,1xA 63339962
504 2824J isThreeOfKind 804 1 2x2,1x4,1x8 63745982
505 28883 isThreeOfKind 53 0 1x2,1x3,3x8 63772800
506 29225 isThreeOfKind 282 0 3x2,1x5,1x9 63915774
507 2T228 isThreeOfKind 413 0 3x2,1x8,1xT 64125578
508 2T4J4 isThreeOfKind 200 1 1x2,2x4,1xT 64227378
509 2Q228 isThreeOfKind 225 0 3x2,1x8,1xQ 64342128
510 2Q9J9 isThreeOfKind 499 1 1x2,2x9,1xQ 64597117
511 3J397 isThreeOfKind 82 1 2x3,1x7,1x9 64639101
512 32229 isThreeOfKind 640 0 3x2,1x3,1x9 64967421
513 3338K isThreeOfKind 854 0 3x3,1x8,1xK 65406377
514 3483J isThreeOfKind 213 1 2x3,1x4,1x8 65516072
515 35T33 isThreeOfKind 856 0 3x3,1x5,1xT 65957768
516 36J22 isThreeOfKind 782 1 2x2,1x3,1x6 66362062
517 366T6 isThreeOfKind 86 0 1x3,3x6,1xT 66406610
518 37J3K isThreeOfKind 284 1 2x3,1x7,1xK 66554006
519 37J44 isThreeOfKind 319 1 1x3,2x4,1x7 66719886
520 37877 isThreeOfKind 922 0 1x3,3x7,1x8 67200248
521 3QJ3K isThreeOfKind 611 1 2x3,1xQ,1xK 67519190
522 3KK8K isThreeOfKind 297 0 1x3,1x8,3xK 67674521
523 3AQ3J isThreeOfKind 204 1 2x3,1xA,1xQ 67781417
524 4JJ92 isThreeOfKind 654 2 1x2,1x4,1x9 68124767
525 4JTT2 isThreeOfKind 172 1 1x2,1x4,2xT 68215239
526 4JTT3 isThreeOfKind 748 1 1x3,1x4,2xT 68609435
527 44JA3 isThreeOfKind 513 1 1x3,2x4,1xA 68880299
528 44463 isThreeOfKind 811 0 1x3,3x4,1x6 69309318
529 444Q7 isThreeOfKind 47 0 3x4,1x7,1xQ 69334228
530 44T4K isThreeOfKind 332 0 3x4,1xT,1xK 69510520
531 46J63 isThreeOfKind 114 1 1x3,1x4,2x6 69571168
532 464K4 isThreeOfKind 876 0 3x4,1x6,1xK 70038076
533 47Q77 isThreeOfKind 814 0 1x4,3x7,1xQ 70472752
534 48447 isThreeOfKind 684 0 3x4,1x7,1x8 70838692
535 4T3J4 isThreeOfKind 441 1 1x3,2x4,1xT 71075068
536 4T888 isThreeOfKind 686 0 1x4,3x8,1xT 71443450
537 4TKJJ isThreeOfKind 671 2 1x4,1xT,1xK 71804448
538 4Q445 isThreeOfKind 867 0 3x4,1x5,1xQ 72271761
539 4Q44K isThreeOfKind 450 0 3x4,1xQ,1xK 72514761
540 4Q8QJ isThreeOfKind 294 1 1x4,1x8,2xQ 72673815
541 4QQTQ isThreeOfKind 52 0 1x4,3xQ,1xT 72701999
542 4AA3J isThreeOfKind 428 1 1x3,1x4,2xA 72934403
543 5J265 isThreeOfKind 780 1 1x2,2x5,1x6 73358723
544 5JTJ7 isThreeOfKind 798 2 1x5,1x7,1xT 73793633
545 53777 isThreeOfKind 230 0 1x3,1x5,3x7 73919213
546 55568 isThreeOfKind 580 0 3x5,1x6,1x8 74236473
547 55854 isThreeOfKind 866 0 1x4,3x5,1x8 74711041
548 565J7 isThreeOfKind 718 1 2x5,1x6,1x7 75105223
549 56T66 isThreeOfKind 72 0 1x5,3x6,1xT 75144823
550 56QQQ isThreeOfKind 357 0 1x5,1x6,3xQ 75341530
551 58J35 isThreeOfKind 178 1 1x3,2x5,1x8 75439786
552 58535 isThreeOfKind 129 0 1x3,3x5,1x8 75511123
553 5T3TT isThreeOfKind 793 0 1x3,1x5,3xT 75950445
554 5Q2QQ isThreeOfKind 50 0 1x2,1x5,3xQ 75978195
555 5AKKJ isThreeOfKind 905 1 1x5,1xA,2xK 76481375
556 6J26K isThreeOfKind 81 1 1x2,2x6,1xK 76526492
557 63696 isThreeOfKind 55 0 1x3,3x6,1x9 76557182
558 63K66 isThreeOfKind 328 0 1x3,3x6,1xK 76740534
559 64J34 isThreeOfKind 202 1 1x3,2x4,1x6 76853654
560 66436 isThreeOfKind 473 0 1x3,1x4,3x6 77119007
561 666K5 isThreeOfKind 795 0 1x5,3x6,1xK 77565797
562 66765 isThreeOfKind 721 0 1x5,3x6,1x7 77971720
563 66967 isThreeOfKind 314 0 3x6,1x7,1x9 78148816
564 68366 isThreeOfKind 903 0 1x3,3x6,1x8 78659011
565 68KKJ isThreeOfKind 394 1 1x6,1x8,2xK 78882015
566 69656 isThreeOfKind 140 0 1x5,3x6,1x9 78961395
567 6A686 isThreeOfKind 522 0 3x6,1x8,1xA 79257891
568 7J2QJ isThreeOfKind 399 2 1x2,1x7,1xQ 79484922
569 733TJ isThreeOfKind 244 1 2x3,1x7,1xT 79624002
570 7778A isThreeOfKind 997 0 3x7,1x8,1xA 80193289
571 777A3 isThreeOfKind 406 0 1x3,3x7,1xA 80425521
572 797J8 isThreeOfKind 963 1 2x7,1x8,1x9 80977320
573 7QQQ5 isThreeOfKind 217 0 1x5,1x7,3xQ 81101878
574 8J233 isThreeOfKind 291 1 1x2,2x3,1x8 81269203
575 8J353 isThreeOfKind 621 1 2x3,1x5,1x8 81626899
576 8JK8Q isThreeOfKind 545 1 2x8,1xK,1xQ 81941364
577 83533 isThreeOfKind 360 0 3x3,1x5,1x8 82149444
578 838K8 isThreeOfKind 515 0 1x3,3x8,1xK 82447629
579 84344 isThreeOfKind 316 0 1x3,3x4,1x8 82630909
580 84449 isThreeOfKind 920 0 3x4,1x8,1x9 83165429
581 85KKK isThreeOfKind 85 0 1x5,1x8,3xK 83214899
582 8626J isThreeOfKind 2 1 1x2,2x6,1x8 83216065
583 87QQQ isThreeOfKind 434 0 1x7,1x8,3xQ 83469521
584 88583 isThreeOfKind 691 0 1x3,1x5,3x8 83873756
585 88798 isThreeOfKind 31 0 1x7,3x8,1x9 83891922
586 888T9 isThreeOfKind 119 0 3x8,1x9,1xT 83961775
587 88K84 isThreeOfKind 987 0 1x4,3x8,1xK 84542131
588 88AT8 isThreeOfKind 353 0 3x8,1xA,1xT 84750048
589 89A99 isThreeOfKind 772 0 1x8,3x9,1xA 85205528
590 8T858 isThreeOfKind 43 0 1x5,3x8,1xT 85230941
591 8TT4T isThreeOfKind 976 0 1x4,1x8,3xT 85808733
592 8TTT3 isThreeOfKind 384 0 1x3,1x8,3xT 86036445
593 8QJ3J isThreeOfKind 928 2 1x3,1x8,1xQ 86587677
594 8Q828 isThreeOfKind 525 0 1x2,3x8,1xQ 86900052
595 9J2JT isThreeOfKind 340 2 1x2,1x9,1xT 87102692
596 9J33A isThreeOfKind 259 1 2x3,1x9,1xA 87257315
597 9J439 isThreeOfKind 23 1 1x3,1x4,2x9 87271069
598 9J6A9 isThreeOfKind 46 1 1x6,2x9,1xA 87298623
599 93TTT isThreeOfKind 877 0 1x3,1x9,3xT 87824823
600 94996 isThreeOfKind 289 0 1x4,1x6,3x9 87998512
601 95556 isThreeOfKind 871 0 3x5,1x6,1x9 88522854
602 96939 isThreeOfKind 461 0 1x3,1x6,3x9 88800837
603 97J95 isThreeOfKind 221 1 1x5,1x7,2x9 88934321
604 99296 isThreeOfKind 430 0 1x2,1x6,3x9 89194471
605 99894 isThreeOfKind 576 0 1x4,1x8,3x9 89543527
606 999T4 isThreeOfKind 500 0 1x4,3x9,1xT 89847027
607 999K6 isThreeOfKind 183 0 1x6,3x9,1xK 89958291
608 99QK9 isThreeOfKind 506 0 3x9,1xQ,1xK 90266445
609 99K98 isThreeOfKind 444 0 1x8,3x9,1xK 90537285
610 99KT9 isThreeOfKind 639 0 3x9,1xK,1xT 90927714
611 9T992 isThreeOfKind 773 0 1x2,3x9,1xT 91400790
612 9T9A9 isThreeOfKind 137 0 3x9,1xT,1xA 91484771
613 9K995 isThreeOfKind 595 0 1x5,3x9,1xK 91850101
614 9AK99 isThreeOfKind 21 0 3x9,1xA,1xK 91863016
615 TJ5JQ isThreeOfKind 27 2 1x5,1xT,1xQ 91879648
616 TJQAA isThreeOfKind 37 1 1xT,1xQ,2xA 91902477
617 T333Q isThreeOfKind 290 0 3x3,1xT,1xQ 92081697
618 T44A4 isThreeOfKind 842 0 3x4,1xT,1xA 92602895
619 T46J6 isThreeOfKind 504 1 1x4,2x6,1xT 92915375
620 T6866 isThreeOfKind 472 0 3x6,1x8,1xT 93208487
621 T8J48 isThreeOfKind 426 1 1x4,2x8,1xT 93473459
622 T8777 isThreeOfKind 601 0 3x7,1x8,1xT 93847882
623 T8QQQ isThreeOfKind 820 0 1x8,1xT,3xQ 94359562
624 TT5JQ isThreeOfKind 708 1 1x5,2xT,1xQ 94802062
625 TT8TK isThreeOfKind 343 0 1x8,3xT,1xK 95016780
626 TTT23 isThreeOfKind 783 0 1x2,1x3,3xT 95507721
627 TTT59 isThreeOfKind 579 0 1x5,1x9,3xT 95871333
628 TTK2T isThreeOfKind 904 0 1x2,3xT,1xK 96439949
629 TQ3TT isThreeOfKind 700 0 1x3,3xT,1xQ 96880949
630 TQQ7Q isThreeOfKind 302 0 1x7,1xT,3xQ 97071511
631 QJ272 isThreeOfKind 388 1 2x2,1x7,1xQ 97316727
632 QJ445 isThreeOfKind 588 1 2x4,1x5,1xQ 97688931
633 QJ866 isThreeOfKind 508 1 2x6,1x8,1xQ 98011003
634 Q3733 isThreeOfKind 900 0 3x3,1x7,1xQ 98582503
635 Q4AAA isThreeOfKind 87 0 1x4,1xQ,3xA 98637835
636 Q54J5 isThreeOfKind 981 1 1x4,2x5,1xQ 99262732
637 Q5552 isThreeOfKind 731 0 1x2,3x5,1xQ 99729110
638 Q5AQQ isThreeOfKind 585 0 1x5,3xQ,1xA 100102925
639 Q688J isThreeOfKind 118 1 1x6,2x8,1xQ 100178445
640 Q7T77 isThreeOfKind 78 0 3x7,1xQ,1xT 100228443
641 Q8898 isThreeOfKind 973 0 3x8,1x9,1xQ 100853109
642 QQJ87 isThreeOfKind 667 1 1x7,1x8,2xQ 101281990
643 QQ7QK isThreeOfKind 145 0 1x7,3xQ,1xK 101375370
644 QQ92Q isThreeOfKind 419 0 1x2,1x9,3xQ 101645625
645 QQTQ5 isThreeOfKind 837 0 1x5,3xQ,1xT 102186327
646 QQQ2T isThreeOfKind 498 0 1x2,3xQ,1xT 102508533
647 QK2J2 isThreeOfKind 518 1 2x2,1xQ,1xK 102844197
648 QK5KK isThreeOfKind 130 0 1x5,1xQ,3xK 102928567
649 QKTTT isThreeOfKind 954 0 1xQ,1xK,3xT 103548667
650 KJ9KA isThreeOfKind 124 1 1x9,2xK,1xA 103629391
651 K2KAK isThreeOfKind 999 0 1x2,3xK,1xA 104280739
652 K52KK isThreeOfKind 537 0 1x2,1x5,3xK 104631400
653 K6966 isThreeOfKind 736 0 3x6,1x9,1xK 105112744
654 K9K8K isThreeOfKind 969 0 1x8,1x9,3xK 105747439
655 KTK4K isThreeOfKind 942 0 1x4,3xK,1xT 106365391
656 KQJ2K isThreeOfKind 182 1 1x2,2xK,1xQ 106484965
657 KK2J6 isThreeOfKind 557 1 1x2,1x6,2xK 106851471
658 KK3K2 isThreeOfKind 22 0 1x2,1x3,3xK 106865969
659 KKTK6 isThreeOfKind 717 0 1x6,3xK,1xT 107339189
660 KKQK4 isThreeOfKind 8 0 1x4,3xK,1xQ 107344477
661 KKK53 isThreeOfKind 66 0 1x3,1x5,3xK 107388169
662 KKK65 isThreeOfKind 567 0 1x5,1x6,3xK 107764090
663 KKKAQ isThreeOfKind 715 0 3xK,1xA,1xQ 108238850
664 AJ688 isThreeOfKind 411 1 1x6,2x8,1xA 108512165
665 A2AA8 isThreeOfKind 374 0 1x2,1x8,3xA 108761249
666 A4944 isThreeOfKind 739 0 3x4,1x9,1xA 109254162
667 A525J isThreeOfKind 143 1 1x2,2x5,1xA 109349686
668 A7JA2 isThreeOfKind 19 1 1x2,1x7,2xA 109362397
669 A85AA isThreeOfKind 645 0 1x5,1x8,3xA 109794547
670 A8AQA isThreeOfKind 919 0 1x8,3xA,1xQ 110411196
671 AQQQ3 isThreeOfKind 785 0 1x3,1xA,3xQ 110938716
672 AK5KK isThreeOfKind 555 0 1x5,1xA,3xK 111312231
673 AA8AK isThreeOfKind 401 0 1x8,3xA,1xK 111582505
674 AA9A8 isThreeOfKind 788 0 1x8,1x9,3xA 112114405
675 AAKTA isThreeOfKind 546 0 3xA,1xK,1xT 112483501
676 AAKA7 isThreeOfKind 885 0 1x7,3xA,1xK 113082646
677 AAA27 isThreeOfKind 972 0 1x2,1x7,3xA 113741662
678 AAA65 isThreeOfKind 364 0 1x5,1x6,3xA 113988818
679 AAA8T isThreeOfKind 616 0 1x8,3xA,1xT 114407698
680 J5454 isFullHouse 35 1 2x4,2x5 114431533
681 J88AA isFullHouse 248 1 2x8,2xA 114600669
682 JT55T isFullHouse 377 1 2x5,2xT 114858160
683 JK9K9 isFullHouse 199 1 2x9,2xK 114994276
684 JA5A5 isFullHouse 421 1 2x5,2xA 115282661
685 22777 isFullHouse 889 0 2x2,3x7 115892515
686 22828 isFullHouse 698 0 3x2,2x8 116372041
687 25525 isFullHouse 933 0 2x2,3x5 117013945
688 26662 isFullHouse 864 0 2x2,3x6 117609241
689 2929J isFullHouse 416 1 2x2,2x9 117896281
690 2T2T2 isFullHouse 998 0 3x2,2xT 118585899
691 2A2AA isFullHouse 883 0 2x2,3xA 119196935
692 2AA22 isFullHouse 387 0 3x2,2xA 119465126
693 33J55 isFullHouse 446 1 2x3,2x5 119774650
694 33222 isFullHouse 224 0 3x2,2x3 119930330
695 33344 isFullHouse 277 0 3x3,2x4 120123122
696 3344J isFullHouse 720 1 2x3,2x4 120624962
697 33444 isFullHouse 115 0 2x3,3x4 120705232
698 33553 isFullHouse 181 0 3x3,2x5 120831751
699 3388J isFullHouse 407 1 2x3,2x8 121116651
700 36336 isFullHouse 179 0 3x3,2x6 121242130
701 3TJ3T isFullHouse 719 1 2x3,2xT 121746868
702 3TT33 isFullHouse 865 0 3x3,2xT 122354963
703 3TT3T isFullHouse 771 0 2x3,3xT 122897747
704 3KK33 isFullHouse 697 0 3x3,2xK 123389132
705 42224 isFullHouse 823 0 3x2,2x4 123970170
706 424J2 isFullHouse 656 1 2x2,2x4 124433962
707 44545 isFullHouse 40 0 3x4,2x5 124462282
708 44TTJ isFullHouse 90 1 2x4,2xT 124526092
709 46646 isFullHouse 679 0 2x4,3x6 125008182
710 47774 isFullHouse 953 0 2x4,3x7 125685765
711 4T4T4 isFullHouse 390 0 3x4,2xT 125963445
712 4K44K isFullHouse 229 0 3x4,2xK 126126722
713 4AA44 isFullHouse 339 0 3x4,2xA 126368768
714 52522 isFullHouse 462 0 3x2,2x5 126699098
715 53553 isFullHouse 402 0 2x3,3x5 126986930
716 55544 isFullHouse 794 0 2x4,3x5 127556228
717 5566J isFullHouse 496 1 2x5,2x6 127912356
718 55666 isFullHouse 988 0 2x5,3x6 128622728
719 55AA5 isFullHouse 58 0 3x5,2xA 128664488
720 57557 isFullHouse 6 0 3x5,2x7 128668814
721 58885 isFullHouse 952 0 2x5,3x8 129356158
722 5Q5JQ isFullHouse 285 1 2x5,2xQ 129562213
723 6J363 isFullHouse 781 1 2x3,2x6 130127657
724 62226 isFullHouse 120 0 3x2,2x6 130214657
725 63636 isFullHouse 176 0 2x3,3x6 130342433
726 66555 isFullHouse 397 0 3x5,2x6 130631052
727 66699 isFullHouse 106 0 3x6,2x9 130708220
728 66777 isFullHouse 610 0 2x6,3x7 131152910
729 66AA6 isFullHouse 403 0 3x6,2xA 131447100
730 688J6 isFullHouse 300 1 2x6,2x8 131666400
731 68866 isFullHouse 152 0 3x6,2x8 131777664
732 72272 isFullHouse 957 0 3x2,2x7 132479145
733 7667J isFullHouse 687 1 2x6,2x7 132983403
734 77755 isFullHouse 270 0 2x5,3x7 133181853
735 77999 isFullHouse 510 0 2x7,3x9 133557213
736 77KKK isFullHouse 51 0 2x7,3xK 133594800
737 78J78 isFullHouse 710 1 2x7,2x8 134118780
738 78787 isFullHouse 286 0 3x7,2x8 134330134
739 79J97 isFullHouse 336 1 2x7,2x9 134578774
740 79977 isFullHouse 770 0 3x7,2x9 135149344
741 7QQ77 isFullHouse 551 0 3x7,2xQ 135558186
742 7AAA7 isFullHouse 91 0 2x7,3xA 135625799
743 82828 isFullHouse 560 0 2x2,3x8 136042439
744 83383 isFullHouse 235 0 3x3,2x8 136217514
745 8558J isFullHouse 986 1 2x5,2x8 136953070
746 88555 isFullHouse 155 0 3x5,2x8 137068855
747 88668 isFullHouse 240 0 2x6,3x8 137248375
748 88989 isFullHouse 4 0 3x8,2x9 137251371
749 88AAA isFullHouse 607 0 2x8,3xA 137706621
750 9J933 isFullHouse 5 1 2x3,2x9 137710376
751 92292 isFullHouse 912 0 3x2,2x9 138396200
752 92992 isFullHouse 659 0 2x2,3x9 138892427
753 93339 isFullHouse 17 0 3x3,2x9 138905245
754 949J4 isFullHouse 971 1 2x4,2x9 139638350
755 95559 isFullHouse 156 0 3x5,2x9 139756286
756 969J6 isFullHouse 624 1 2x6,2x9 140228654
757 96969 isFullHouse 378 0 2x6,3x9 140515178
758 99898 isFullHouse 128 0 2x8,3x9 140612330
759 99A9A isFullHouse 699 0 3x9,2xA 141143570
760 9Q99Q isFullHouse 974 0 3x9,2xQ 141884784
761 9KK99 isFullHouse 28 0 3x9,2xK 141906120
762 TJQQT isFullHouse 892 1 2xT,2xQ 142586716
763 T22TJ isFullHouse 279 1 2x2,2xT 142799872
764 T2T2T isFullHouse 768 0 2x2,3xT 143387392
765 T4T4T isFullHouse 280 0 2x4,3xT 143601872
766 T777T isFullHouse 813 0 3x7,2xT 144225443
767 TTJ99 isFullHouse 921 1 2x9,2xT 144932771
768 TT6J6 isFullHouse 825 1 2x6,2xT 145567196
769 TT6T6 isFullHouse 631 0 2x6,3xT 146053066
770 TTT99 isFullHouse 519 0 2x9,3xT 146453215
771 TTQQT isFullHouse 74 0 3xT,2xQ 146510343
772 TKTKT isFullHouse 911 0 3xT,2xK 147214546
773 TKKKT isFullHouse 786 0 2xT,3xK 147822910
774 QJ9Q9 isFullHouse 147 1 2x9,2xQ 147936835
775 Q22Q2 isFullHouse 893 0 3x2,2xQ 148629803
776 Q33Q3 isFullHouse 613 0 3x3,2xQ 149106104
777 Q33QQ isFullHouse 383 0 2x3,3xQ 149404078
778 Q44QJ isFullHouse 48 1 2x4,2xQ 149441470
779 Q88Q8 isFullHouse 304 0 3x8,2xQ 149678590
780 QQ3J3 isFullHouse 220 1 2x3,2xQ 149850410
781 QQ444 isFullHouse 951 0 3x4,2xQ 150594092
782 QQ4Q4 isFullHouse 497 0 2x4,3xQ 150983243
783 QQ555 isFullHouse 733 0 3x5,2xQ 151557915
784 QQ77Q isFullHouse 764 0 2x7,3xQ 152157655
785 QQTTQ isFullHouse 227 0 3xQ,2xT 152336077
786 K2K22 isFullHouse 590 0 3x2,2xK 152800407
787 K44KK isFullHouse 776 0 2x4,3xK 153411895
788 K6K66 isFullHouse 603 0 3x6,2xK 153887662
789 K77K7 isFullHouse 281 0 3x7,2xK 154109652
790 K99KK isFullHouse 222 0 2x9,3xK 154285254
791 KK555 isFullHouse 712 0 3x5,2xK 154849158
792 KK888 isFullHouse 826 0 3x8,2xK 155504176
793 KKK55 isFullHouse 744 0 2x5,3xK 156094912
794 KKKQQ isFullHouse 888 0 3xK,2xQ 156800872
795 KAJAK isFullHouse 476 1 2xK,2xA 157179768
796 A333A isFullHouse 177 0 3x3,2xA 157320837
797 A3AJ3 isFullHouse 850 1 2x3,2xA 157999137
798 A6A6J isFullHouse 527 1 2x6,2xA 158420210
799 A99AA isFullHouse 536 0 2x9,3xA 158849010
800 ATATT isFullHouse 109 0 2xA,3xT 158936319
801 ATATA isFullHouse 41 0 3xA,2xT 158969201
802 AKAAK isFullHouse 389 0 3xA,2xK 159281568
803 AA4A4 isFullHouse 808 0 2x4,3xA 159931200
804 AA55A isFullHouse 552 0 2x5,3xA 160375560
805 AA888 isFullHouse 828 0 3x8,2xA 161042928
806 AA99J isFullHouse 56 1 2x9,2xA 161088120
807 AAQQQ isFullHouse 925 0 2xA,3xQ 161835520
808 AAQQA isFullHouse 812 0 3xA,2xQ 162492428
809 JJ335 isFourOK 644 2 2x3,1x5 163014068
810 JJKAA isFourOK 138 2 1xK,2xA 163125986
811 J2224 isFourOK 98 1 3x2,1x4 163205562
812 J3334 isFourOK 886 1 3x3,1x4 163925880
813 J3393 isFourOK 716 1 3x3,1x9 164508704
814 J4443 isFourOK 622 1 1x3,3x4 165015634
815 J6466 isFourOK 310 1 1x4,3x6 165268594
816 J66T6 isFourOK 223 1 3x6,1xT 165450785
817 J7JKJ isFourOK 767 3 1x7,1xK 166078191
818 J7773 isFourOK 665 1 1x3,3x7 166622826
819 J7776 isFourOK 135 1 1x6,3x7 166733526
820 J8KKK isFourOK 166 1 1x8,3xK 166869812
821 J94J4 isFourOK 331 2 2x4,1x9 167141894
822 J9Q99 isFourOK 355 1 3x9,1xQ 167434059
823 JTT2T isFourOK 251 1 1x2,3xT 167640883
824 JTT7J isFourOK 116 2 1x7,2xT 167736583
825 JTKTT isFourOK 150 1 3xT,1xK 167860483
826 JQJQA isFourOK 563 2 2xQ,1xA 168326084
827 JK6KK isFourOK 149 1 1x6,3xK 168449456
828 2J322 isFourOK 891 1 3x2,1x3 169188095
829 22J52 isFourOK 619 1 3x2,1x5 169701865
830 22232 isFourOK 455 0 4x2,1x3 170079970
831 222T2 isFourOK 977 0 4x2,1xT 170892834
832 222Q2 isFourOK 315 0 4x2,1xQ 171155229
833 22722 isFourOK 371 0 4x2,1x7 171464643
834 22922 isFourOK 902 0 4x2,1x9 172217813
835 27JJ7 isFourOK 13 2 1x2,2x7 172228681
836 28222 isFourOK 468 0 4x2,1x8 172620397
837 2TTTT isFourOK 643 0 1x2,4xT 173159231
838 3J38J isFourOK 562 2 2x3,1x8 173630749
839 3JQ33 isFourOK 480 1 3x3,1xQ 174033949
840 3JKJJ isFourOK 936 3 1x3,1xK 174821125
841 33335 isFourOK 777 0 4x3,1x5 175475359
842 3333T isFourOK 153 0 4x3,1xT 175604338
843 3335J isFourOK 705 1 3x3,1x5 176199358
844 33363 isFourOK 531 0 4x3,1x6 176648053
845 33373 isFourOK 276 0 4x3,1x7 176881549
846 3383J isFourOK 927 1 3x3,1x8 177666718
847 36666 isFourOK 71 0 1x3,4x6 177726926
848 37777 isFourOK 646 0 1x3,4x7 178275380
849 39333 isFourOK 862 0 4x3,1x9 179008080
850 3K333 isFourOK 754 0 4x3,1xK 179649734
851 3KKKK isFourOK 253 0 1x3,4xK 179865290
852 3AAAA isFourOK 855 0 1x3,4xA 180594605
853 4J844 isFourOK 670 1 3x4,1x8 181166785
854 42444 isFourOK 757 0 1x2,4x4 181814020
855 44434 isFourOK 996 0 1x3,4x4 182666596
856 4444T isFourOK 666 0 4x4,1xT 183237358
857 455J5 isFourOK 15 1 1x4,3x5 183250228
858 45555 isFourOK 642 0 1x4,4x5 183801706
859 47777 isFourOK 916 0 1x4,4x7 184589466
860 484JJ isFourOK 209 2 2x4,1x8 184769415
861 4AJ44 isFourOK 965 1 3x4,1xA 185601245
862 4AAAA isFourOK 872 0 1x4,4xA 186353781
863 5J535 isFourOK 308 1 1x3,3x5 186619893
864 52555 isFourOK 596 0 1x2,4x5 187135433
865 5525J isFourOK 787 1 1x2,3x5 187816975
866 555JT isFourOK 478 1 3x5,1xT 188231401
867 55558 isFourOK 258 0 4x5,1x8 188455345
868 5555Q isFourOK 734 0 4x5,1xQ 189093191
869 55565 isFourOK 821 0 4x5,1x6 189807461
870 559J5 isFourOK 647 1 3x5,1x9 190370998
871 55955 isFourOK 978 0 4x5,1x9 191223814
872 55K5J isFourOK 299 1 3x5,1xK 191484841
873 55A55 isFourOK 520 0 4x5,1xA 191939321
874 5855J isFourOK 133 1 3x5,1x8 192055696
875 5K555 isFourOK 730 0 4x5,1xK 192695176
876 6JJ46 isFourOK 131 2 1x4,2x6 192810063
877 6J222 isFourOK 843 1 3x2,1x6 193550217
878 6J6K6 isFourOK 985 1 3x6,1xK 194416032
879 6J9JJ isFourOK 966 3 1x6,1x9 195266112
880 65J55 isFourOK 312 1 3x5,1x6 195540984
881 666J8 isFourOK 84 1 3x6,1x8 195615072
882 66662 isFourOK 914 0 1x2,4x6 196422134
883 6666Q isFourOK 913 0 4x6,1xQ 197229226
884 66A66 isFourOK 269 0 4x6,1xA 197467291
885 6766J isFourOK 980 1 3x6,1x7 198335571
886 69666 isFourOK 309 0 4x6,1x9 198609654
887 6TJTT isFourOK 358 1 1x6,3xT 198927558
888 6QQQJ isFourOK 882 1 1x6,3xQ 199711656
889 6K666 isFourOK 859 0 4x6,1xK 200476166
890 7JJJ2 isFourOK 117 3 1x2,1x7 200580413
891 7333J isFourOK 502 1 3x3,1x7 201028197
892 77577 isFourOK 443 0 1x5,4x7 201423796
893 77677 isFourOK 704 0 1x6,4x7 202053172
894 77772 isFourOK 409 0 1x2,4x7 202419227
895 777K7 isFourOK 711 0 4x7,1xK 203056283
896 78888 isFourOK 747 0 1x7,4x8 203726342
897 8J883 isFourOK 660 1 1x3,3x8 204319022
898 8JTJT isFourOK 762 2 1x8,2xT 205004060
899 8222J isFourOK 127 1 3x2,1x8 205118360
900 83333 isFourOK 333 0 4x3,1x8 205418393
901 84444 isFourOK 356 0 4x4,1x8 205739505
902 86666 isFourOK 317 0 4x6,1x8 206025756
903 88JJ4 isFourOK 982 2 1x4,2x8 206913484
904 88J8K isFourOK 606 1 3x8,1xK 207461914
905 88388 isFourOK 906 0 1x3,4x8 208282750
906 88488 isFourOK 915 0 1x4,4x8 209112655
907 88688 isFourOK 268 0 1x6,4x8 209355999
908 88885 isFourOK 529 0 1x5,4x8 209836860
909 888Q8 isFourOK 458 0 4x8,1xQ 210253640
910 888K8 isFourOK 454 0 4x8,1xK 210667234
911 88988 isFourOK 188 0 4x8,1x9 210838690
912 8QQQJ isFourOK 469 1 1x8,3xQ 211266887
913 8QQQQ isFourOK 623 0 1x8,4xQ 211836309
914 9J799 isFourOK 327 1 1x7,3x9 212135514
915 99599 isFourOK 318 0 1x5,4x9 212426802
916 99969 isFourOK 323 0 1x6,4x9 212722993
917 99993 isFourOK 761 0 1x3,4x9 213421591
918 9TTTT isFourOK 901 0 1x9,4xT 214249610
919 9K9J9 isFourOK 261 1 3x9,1xK 214489730
920 9K999 isFourOK 685 0 4x9,1xK 215120615
921 T2J22 isFourOK 271 1 3x2,1xT 215370477
922 T4TTT isFourOK 742 0 1x4,4xT 216055343
923 T5555 isFourOK 722 0 4x5,1xT 216722471
924 T5TTT isFourOK 39 0 1x5,4xT 216758546
925 T6TTT isFourOK 501 0 1x6,4xT 217222472
926 T888J isFourOK 195 1 3x8,1xT 217403237
927 T8TTT isFourOK 372 0 1x8,4xT 217748453
928 TTT9J isFourOK 703 1 1x9,3xT 218401540
929 TTTT7 isFourOK 382 0 1x7,4xT 218756800
930 TTKTT isFourOK 100 0 4xT,1xK 218849900
931 TTATT isFourOK 141 0 4xT,1xA 218981312
932 QJQQT isFourOK 975 1 3xQ,1xT 219890987
933 Q222J isFourOK 354 1 3x2,1xQ 220221623
934 Q3JQQ isFourOK 61 1 1x3,3xQ 220278658
935 Q4444 isFourOK 362 0 4x4,1xQ 220617490
936 Q7QQQ isFourOK 417 0 1x7,4xQ 221008219
937 QQ3QQ isFourOK 840 0 1x3,4xQ 221796139
938 QQ8JJ isFourOK 542 2 1x8,2xQ 222305077
939 QQQQ2 isFourOK 879 0 1x2,4xQ 223131337
940 QQQQ4 isFourOK 827 0 1x4,4xQ 223909544
941 QQQQ6 isFourOK 992 0 1x6,4xQ 224844008
942 QQQQ9 isFourOK 884 0 1x9,4xQ 225677620
943 QKKKK isFourOK 215 0 1xQ,4xK 225880580
944 K2KJK isFourOK 320 1 1x2,3xK 226182980
945 KKJ5K isFourOK 102 1 1x5,3xK 226279472
946 KKQKJ isFourOK 568 1 3xK,1xQ 226817368
947 KKK2K isFourOK 424 0 1x2,4xK 227219320
948 KKK3J isFourOK 763 1 1x3,3xK 227943407
949 KKK7K isFourOK 144 0 1x7,4xK 228080207
950 KKK8K isFourOK 335 0 1x8,4xK 228398792
951 KKKK6 isFourOK 937 0 1x6,4xK 229290816
952 KKKK9 isFourOK 930 0 1x9,4xK 230177106
953 AJA9A isFourOK 620 1 1x9,3xA 230768586
954 AJAA8 isFourOK 860 1 1x8,3xA 231589886
955 A2JAA isFourOK 923 1 1x2,3xA 232472274
956 A4JAA isFourOK 303 1 1x4,3xA 232762245
957 A6AAA isFourOK 561 0 1x6,4xA 233299683
958 A7777 isFourOK 123 0 4x7,1xA 233417640
959 A8888 isFourOK 608 0 4x8,1xA 234001320
960 A8AAA isFourOK 338 0 1x8,4xA 234326138
961 AQAAA isFourOK 214 0 4xA,1xQ 234532006
962 AAJJ3 isFourOK 509 2 1x3,2xA 235022173
963 AAJA6 isFourOK 467 1 1x6,3xA 235472361
964 AA7AA isFourOK 44 0 1x7,4xA 235514821
965 AATAJ isFourOK 490 1 3xA,1xT 235988161
966 AATAA isFourOK 564 0 4xA,1xT 236533549
967 AAKAJ isFourOK 970 1 3xA,1xK 237472509
968 AAKAA isFourOK 861 0 4xA,1xK 238306818
969 AAAA2 isFourOK 193 0 1x2,4xA 238494028
970 AAAA5 isFourOK 753 0 1x5,4xA 239225191
971 JJJJJ isFiveOK 938 5 5xJ 240136927
972 JJJ8J isFiveOK 329 4 1x8 240457044
973 JJ2J2 isFiveOK 459 3 2x2 240904110
974 JJ222 isFiveOK 663 2 3x2 241550535
975 JJ444 isFiveOK 184 2 3x4 241730119
976 JJ555 isFiveOK 255 2 3x5 241979254
977 JJTJT isFiveOK 453 3 2xT 242422288
978 J3J33 isFiveOK 732 2 3x3 243138916
979 J5555 isFiveOK 247 1 4x5 243380976
980 J6666 isFiveOK 926 1 4x6 244289382
981 J88J8 isFiveOK 88 2 3x8 244375798
982 J9999 isFiveOK 325 1 4x9 244695273
983 JQJQQ isFiveOK 983 2 3xQ 245662545
984 JKKJJ isFiveOK 678 3 2xK 246330375
985 JKKJK isFiveOK 755 2 3xK 247074805
986 JAAAA isFiveOK 806 1 4xA 247870327
987 2222J isFiveOK 180 1 4x2 248048167
988 3333J isFiveOK 597 1 4x3 248638600
989 4444J isFiveOK 668 1 4x4 249299920
990 6JJ66 isFiveOK 602 2 3x6 249896502
991 7JJ77 isFiveOK 810 2 3x7 250700022
992 7J777 isFiveOK 760 1 4x7 251454702
993 8J888 isFiveOK 45 1 4x8 251499432
994 9J99J isFiveOK 779 2 3x9 252274537
995 TTTJJ isFiveOK 464 2 3xT 252736681
996 TTTJT isFiveOK 939 1 4xT 253672864
997 QQJQQ isFiveOK 169 1 4xQ 253841526
998 KKKJK isFiveOK 345 1 4xK 254186181
999 AAAJJ isFiveOK 226 2 3xA 254412181